Vision_Conf,ESP32_Class,Audio_db,PIR_Trig,Thermal_Delta,Smoke_PPM,Label
73,2,56,1,0.5096430181522059,208,0
91,1,83,1,35.83116872429139,0,1
93,1,89,1,43.95233185533966,867,1
97,1,81,1,35.39105466714764,0,1
74,2,54,1,2.960660809801552,287,0
91,1,85,1,26.98516461607574,0,1
49,3,48,1,2.497251550230758,378,0
92,1,67,1,38.619305674569716,0,1
91,1,85,1,40.344435470392476,0,1
87,1,60,1,38.559605258577,1333,1
93,2,86,1,4.548466092737216,353,2
95,1,80,1,49.82411990298251,0,1
96,2,79,1,3.5846744027601316,343,2
54,3,34,1,1.1964683426907015,236,0
99,1,81,1,55.74541013384535,1062,1
98,1,84,1,30.22679051844284,0,1
91,2,91,1,5.200491867534287,295,2
85,1,87,1,35.495703426746374,1930,1
99,1,82,1,31.271513183666528,0,1
38,3,30,1,1.4063038963935175,288,0
93,1,79,1,32.797797638417634,0,1
98,2,84,1,3.2199527505789103,330,2
94,2,98,1,5.978453341136527,203,2
91,1,83,1,29.140708675706634,0,1
85,1,78,1,52.834458926134104,993,1
81,1,88,1,57.26961613266033,1737,1
33,3,31,1,2.2873760572220716,322,0
99,2,89,1,9.524196738570122,221,2
95,2,85,1,8.784385676651308,395,2
97,1,65,1,35.29602285368171,0,1
94,1,61,1,42.10582566280392,0,1
94,1,67,1,41.52535635618301,0,1
94,1,74,1,40.755218708228604,0,1
40,2,50,1,1.5817955427457697,267,0
38,2,32,1,0.3494335490200112,351,0
97,1,76,1,32.48989779416193,0,1
96,1,84,1,32.03802996037325,0,1
95,2,87,1,9.932326126555537,202,2
49,2,33,1,1.8750875582556172,201,0
83,3,53,1,2.9060238167230716,358,0
65,2,33,1,2.1805164931447125,326,0
59,2,46,1,0.187293981833341,310,0
96,2,90,1,3.922005200053655,288,2
46,2,58,1,0.9526637396085053,235,0
81,1,88,1,47.14679826690259,1249,1
93,2,83,1,5.673577477570271,377,2
96,1,86,1,40.78817051577937,1818,1
90,1,85,1,33.997797581185594,895,1
87,2,90,1,4.4838774363156695,213,2
97,2,95,1,9.73617142091449,333,2
86,2,34,1,1.0701961591200049,364,0
96,2,87,1,7.970803364360956,202,2
81,1,68,1,35.01039617770665,1299,1
82,1,87,1,25.14001412935641,1756,1
96,1,67,1,31.784775853847727,1446,1
96,1,80,1,41.4676943875219,0,1
85,2,86,1,4.7327796892236265,208,2
93,2,99,1,9.095274152360814,272,2
92,2,95,1,7.617405564763196,315,2
92,1,65,1,48.88264256815141,1397,1
99,2,85,1,7.001288826289299,378,2
96,1,77,1,27.905568823645204,1129,1
87,2,84,1,3.0446533038461348,344,2
88,1,78,1,23.651467071445342,1254,1
83,1,65,1,40.89776581621858,1206,1
99,2,85,1,3.000215031917677,230,2
48,3,32,1,1.9455144603560646,357,0
37,3,56,1,0.5204881510650661,264,0
94,1,85,1,21.016765069763807,1663,1
91,1,88,1,27.36107401889821,0,1
53,2,43,1,1.1144578309783026,227,0
50,2,49,1,2.716079622833611,250,0
54,3,48,1,0.528286413991784,301,0
99,1,72,1,28.477904853576547,0,1
85,3,51,1,0.19849556650332134,364,0
88,2,45,1,2.1250889301451044,306,0
89,2,75,1,7.440459412909546,325,2
99,1,66,1,34.13989252509917,0,1
50,3,34,1,1.9625238044222235,364,0
94,1,76,1,23.057594441577905,1410,1
80,1,72,1,47.18532729580574,1093,1
92,1,88,1,30.34753322791632,1869,1
89,1,85,1,24.321782375056284,1849,1
52,3,32,1,1.2325712755214893,337,0
83,1,73,1,50.16430721264656,1175,1
96,2,82,1,9.140832339783255,324,2
90,1,87,1,34.36088424301055,0,1
30,2,42,1,1.8185239033526401,389,0
90,1,65,1,33.415106954848014,0,1
69,3,42,1,1.2076501307909417,221,0
86,2,80,1,5.791771097111871,343,2
66,3,58,1,1.1111909588259195,323,0
94,2,97,1,3.908785142662023,268,2
87,2,79,1,5.958592236522708,300,2
86,2,99,1,4.821656185896606,237,2
44,3,48,1,2.72158509211749,350,0
95,1,72,1,29.859500849871825,0,1
96,2,79,1,8.504415100908865,370,2
98,2,94,1,4.607187125277781,350,2
88,2,89,1,8.15775732776439,310,2
96,2,76,1,3.210149325043503,336,2
91,1,63,1,38.904543375993924,0,1
90,1,79,1,53.59788658689887,1773,1
84,1,81,1,45.489263191579475,1265,1
84,3,48,1,2.0929256144803903,228,0
88,2,80,1,5.313927016144036,308,2
98,1,83,1,25.83688296140582,1387,1
96,1,71,1,39.31069398583664,0,1
80,3,49,1,2.022059757176378,323,0
85,1,84,1,46.652275433401584,1281,1
93,2,82,1,4.374934511104122,280,2
98,1,68,1,37.74310616879245,0,1
85,1,72,1,37.48661555267306,1180,1
62,2,56,1,2.098918708866365,211,0
61,2,46,1,1.1302169098138224,225,0
92,1,72,1,35.35855559678903,1862,1
93,1,84,1,41.97755797861224,0,1
87,2,90,1,4.964782508611821,255,2
99,1,70,1,39.73036535869639,0,1
96,1,66,1,30.213454950529766,1888,1
97,1,76,1,46.711699397447816,0,1
98,1,64,1,24.64090725392677,1270,1
96,2,83,1,7.043153561168102,284,2
84,2,32,1,1.1199279488392588,309,0
98,2,76,1,8.635312672635532,302,2
94,2,91,1,5.117264222230288,206,2
96,1,63,1,37.75274281247063,0,1
92,2,77,1,6.924740358024598,244,2
95,1,84,1,47.447979673941646,0,1
91,2,87,1,9.516503739811048,385,2
99,1,76,1,43.92901176254955,1562,1
90,1,63,1,25.27094128700746,0,1
99,2,89,1,3.2818060210646247,275,2
91,2,91,1,9.727492222286186,376,2
77,2,49,1,2.010288103832825,356,0
88,1,74,1,26.511639568249173,1271,1
91,1,65,1,25.586050190252514,1183,1
89,2,75,1,5.1296957007167645,221,2
91,1,70,1,32.80239330083934,1461,1
71,2,36,1,0.35184044340133513,358,0
71,3,46,1,1.8819868052720339,280,0
80,1,63,1,27.083290215891594,1793,1
93,2,83,1,5.417393665714215,205,2
81,1,84,1,23.766076405027917,1867,1
76,3,46,1,2.718197657059096,315,0
32,3,53,1,1.4128807573042006,272,0
98,1,79,1,25.270277090879908,0,1
76,2,52,1,2.3472774366383637,234,0
96,1,64,1,53.22477631150917,1035,1
94,1,67,1,48.259960504233135,0,1
95,1,84,1,31.68872921847591,1746,1
37,3,54,1,2.399748256119568,266,0
81,2,42,1,2.9122264610317443,221,0
99,1,60,1,36.26163254144546,0,1
97,2,99,1,7.175398324897952,234,2
91,1,61,1,37.83420525562289,0,1
69,2,36,1,0.796489222287217,216,0
31,3,46,1,1.5018728042112535,323,0
76,2,45,1,1.8169136679702342,263,0
34,2,44,1,1.2268655312564798,372,0
91,2,85,1,4.944916142445958,336,2
31,2,35,1,1.9563697365913137,288,0
99,2,81,1,3.3084610309926696,368,2
87,2,96,1,8.105413558615975,275,2
81,3,46,1,1.8409137089681513,264,0
96,1,60,1,38.724511236041046,0,1
87,2,96,1,5.326202377485762,255,2
71,3,52,1,0.4871456839869627,284,0
87,1,61,1,52.212598694316206,1911,1
81,1,88,1,22.657753774230997,1095,1
95,2,82,1,3.7976964430002202,212,2
51,2,46,1,1.8046616378994722,379,0
91,1,69,1,23.761444177370656,1307,1
51,2,30,1,1.5701727341230993,260,0
84,2,46,1,0.5353378956833164,236,0
98,1,66,1,31.721337859554836,0,1
93,1,72,1,26.924497745719826,0,1
44,3,34,1,1.7306436039336255,324,0
93,2,82,1,5.600270838370637,281,2
94,1,76,1,40.42666290294503,0,1
95,1,61,1,47.579769470860725,0,1
98,2,86,1,9.20632004265462,342,2
90,1,60,1,36.48960143034058,0,1
99,2,78,1,7.8553264023165665,223,2
80,1,79,1,35.290090079098334,1558,1
89,1,69,1,20.82685475567618,961,1
93,1,61,1,35.211389535212064,0,1
89,1,85,1,20.37326479308373,928,1
90,1,78,1,27.64764511009394,0,1
87,2,90,1,3.8069741487309905,258,2
97,1,65,1,32.72446214472478,1984,1
93,1,80,1,56.25888443858188,1862,1
62,3,59,1,1.94932104792829,209,0
33,3,33,1,0.2035111773155157,391,0
92,1,74,1,22.388659558835574,1315,1
93,1,71,1,28.76520258045685,0,1
48,3,39,1,0.635266051996435,325,0
92,1,71,1,37.855860960340294,0,1
95,1,80,1,26.9096236247864,0,1
92,2,75,1,8.44321598614658,345,2
93,2,94,1,6.568978066853203,252,2
85,2,81,1,8.651772212379658,276,2
85,2,94,1,6.18443222655311,215,2
95,1,64,1,48.343735575036746,0,1
85,2,95,1,9.730446272018785,262,2
90,1,66,1,25.019451871966027,1072,1
92,1,79,1,40.946927316590845,0,1
95,1,68,1,30.12453023817041,0,1
92,1,60,1,55.21439874553667,1310,1
52,3,53,1,1.605930394357775,264,0
98,1,85,1,44.98525997272607,0,1
98,1,66,1,46.82148553914161,0,1
91,1,78,1,40.59648311691433,0,1
91,1,70,1,26.093390646999236,0,1
62,2,53,1,2.241234801387087,241,0
87,2,75,1,5.392476833157332,236,2
90,1,82,1,30.896439978592177,0,1
96,2,79,1,4.673464688525208,272,2
96,1,84,1,48.512598821985065,0,1
87,2,90,1,3.0467749045672146,221,2
96,1,89,1,47.69435689844232,1038,1
99,1,60,1,27.572900768603624,0,1
65,3,37,1,2.2660842309529574,333,0
87,3,46,1,2.1187384876657864,387,0
76,2,41,1,2.248955495228774,379,0
86,2,50,1,2.20507555856947,311,0
53,3,33,1,0.4547852244002981,384,0
82,1,89,1,54.55846322940041,1319,1
80,1,60,1,55.301339432784,1388,1
67,3,54,1,0.4824764072345702,316,0
40,3,40,1,2.498495705607227,354,0
95,1,89,1,26.25134838199105,1657,1
47,2,36,1,1.7416320370317295,350,0
85,1,86,1,50.44353224095502,1535,1
91,1,78,1,32.583862272376436,1616,1
92,1,82,1,39.346264949375666,0,1
88,2,96,1,8.936334537915403,257,2
49,2,36,1,1.8640334917605887,272,0
92,2,86,1,5.873470558423882,242,2
99,1,73,1,26.174149169376378,0,1
93,2,81,1,3.0928547281190655,288,2
83,1,88,1,26.06699518931005,1920,1
95,1,64,1,48.34687543819762,0,1
92,2,79,1,9.876650318360245,205,2
61,2,41,1,2.772762823809348,253,0
91,1,89,1,25.005938089397116,0,1
97,1,73,1,44.41118616249312,0,1
82,1,64,1,44.30179407605753,820,1
89,1,70,1,21.842269367598256,969,1
92,2,78,1,5.419670983267043,394,2
72,2,57,1,2.500929402431875,367,0
84,1,86,1,22.263426245868626,1358,1
95,1,63,1,36.458089864689384,0,1
64,2,45,1,1.2444453581668418,324,0
95,1,88,1,27.53432243882898,0,1
99,1,85,1,49.273506240115466,0,1
92,1,65,1,43.58613980606191,1893,1
99,1,86,1,38.38419852954128,0,1
35,3,56,1,1.252233009446337,364,0
86,2,90,1,6.9084662054487955,386,2
87,1,78,1,34.193274221726504,1873,1
89,2,89,1,8.751535530732397,222,2
87,1,80,1,53.00528783714815,1558,1
93,1,82,1,51.99421023789261,1520,1
86,2,43,1,0.27539719744032565,246,0
99,1,67,1,42.55365240454574,0,1
87,2,49,1,1.9255798765660663,211,0
90,2,80,1,9.240360109364548,344,2
98,2,91,1,4.777407897540413,211,2
97,2,92,1,6.614102438108367,357,2
37,3,46,1,1.693375627567924,241,0
89,2,54,1,0.1662476653267333,255,0
89,1,72,1,28.37823078038044,1452,1
61,2,56,1,2.0026732155630818,377,0
99,2,99,1,5.6882984687377025,393,2
95,1,68,1,22.37886275469123,1740,1
84,1,62,1,43.651911508309084,1525,1
79,3,41,1,0.16339814210051273,329,0
96,2,87,1,6.3549525000340115,321,2
90,1,79,1,43.53652277847614,0,1
70,2,55,1,0.1182804341055177,209,0
88,1,63,1,21.17577783026029,1665,1
81,1,82,1,24.628052727212086,1656,1
83,3,43,1,2.321638967190469,304,0
94,1,64,1,47.06590857973349,0,1
95,1,85,1,40.09093001398438,0,1
97,1,76,1,31.669525356882126,0,1
34,3,53,1,2.574361182753311,375,0
99,1,88,1,27.24902244198838,1860,1
94,1,89,1,45.624607341955496,1862,1
86,1,73,1,24.820903151458577,936,1
95,1,69,1,46.119735907150535,0,1
78,2,35,1,1.7031819537931638,387,0
96,1,65,1,34.71132530877013,1683,1
80,1,82,1,43.46433852701897,1486,1
88,1,89,1,40.80296244444602,1182,1
72,3,34,1,1.6488481311567735,295,0
99,2,78,1,4.171518131970396,377,2
90,1,81,1,37.97095142815181,0,1
98,1,63,1,44.16287623831462,0,1
32,2,50,1,1.2292177093288172,256,0
90,1,88,1,51.19953307642177,1110,1
65,3,59,1,2.040335656340918,227,0
32,2,33,1,1.8450389041166,277,0
37,2,35,1,0.7681426953148629,268,0
99,1,81,1,47.44358916274314,0,1
85,2,84,1,5.793247223497043,245,2
95,2,79,1,6.655702820383631,252,2
30,2,51,1,1.7529429357693007,343,0
88,2,79,1,3.0557508332181578,339,2
92,1,67,1,27.77495246978287,0,1
81,1,86,1,34.243869035913846,1676,1
96,1,63,1,28.3532374197836,1529,1
92,2,87,1,7.432059629158156,322,2
90,1,66,1,42.874890849087464,1636,1
96,1,70,1,59.65023974808753,1499,1
99,1,83,1,51.571713932787425,1343,1
89,2,98,1,3.6102562748228184,360,2
95,1,78,1,29.807747400840686,0,1
83,3,57,1,2.107394911632312,367,0
93,1,85,1,38.14225455756714,0,1
30,2,34,1,0.008132698242989012,208,0
92,1,89,1,49.99841881596711,1751,1
94,1,87,1,29.06652037763713,0,1
99,2,99,1,7.540472697381709,349,2
63,2,47,1,2.9192932442110395,238,0
72,3,35,1,0.42213458414627525,328,0
86,2,80,1,4.583029361129585,297,2
99,1,80,1,31.001768512189162,0,1
85,1,62,1,45.56128635659683,889,1
90,1,76,1,48.684881239661166,0,1
92,1,74,1,47.405372394979366,1602,1
84,3,58,1,0.4477484092244217,269,0
93,1,60,1,25.45188409038802,0,1
38,3,41,1,1.9785179449539814,217,0
44,3,42,1,1.6485886076850509,231,0
87,1,60,1,25.464853257681153,1045,1
82,1,83,1,24.165494316811497,1497,1
80,1,89,1,20.76515865749148,1034,1
88,1,66,1,48.313403889190745,1328,1
91,1,60,1,29.789823643370646,0,1
97,1,69,1,25.523624025772822,0,1
79,2,53,1,2.739721657669414,334,0
70,3,32,1,0.6321148916016095,256,0
35,2,39,1,2.976399949022017,385,0
97,2,75,1,6.55852382841396,390,2
88,1,62,1,58.226059929190136,969,1
92,1,61,1,26.6381958118314,1925,1
96,2,91,1,9.229393634540038,291,2
33,3,46,1,0.07558024187768808,315,0
82,1,87,1,59.76326618582302,1639,1
89,1,84,1,48.607458191209645,980,1
92,1,84,1,37.67706060150667,0,1
84,1,70,1,21.87891964392559,1964,1
91,1,80,1,34.198518782552114,0,1
89,1,82,1,40.178237666774216,1497,1
76,3,32,1,2.2823551458506923,341,0
64,2,30,1,0.25317714163362703,300,0
99,1,89,1,44.49031943524632,1182,1
85,1,76,1,40.55417856827071,1362,1
96,1,80,1,42.18238906456294,0,1
90,1,87,1,28.922482461710274,1516,1
95,1,73,1,29.42217862859636,0,1
46,3,52,1,1.3855304438253309,357,0
68,3,52,1,2.4663094818006766,377,0
96,1,75,1,44.06490986735438,0,1
98,2,92,1,3.1340140759778565,311,2
95,1,75,1,48.40802884922892,0,1
82,1,87,1,59.79277175863804,1913,1
33,3,34,1,0.7478766874466248,342,0
97,1,86,1,21.808746804247576,1942,1
97,1,81,1,39.8261083546696,0,1
87,2,92,1,4.446067113552466,283,2
95,2,82,1,9.599122418945878,262,2
35,2,30,1,2.901105825768439,282,0
93,1,74,1,41.57568009307869,0,1
99,1,67,1,22.66110432843421,1785,1
89,1,62,1,59.90513189608626,1150,1
86,2,82,1,9.265824184945755,399,2
91,1,86,1,41.02869082213243,0,1
96,1,60,1,32.87296111472239,0,1
81,1,62,1,43.611797700592305,1195,1
85,1,68,1,46.21129638766632,800,1
95,1,64,1,48.51121264340431,0,1
95,1,65,1,51.26461916785596,1290,1
93,2,78,1,4.861983851648606,342,2
91,1,83,1,38.708014593160605,0,1
96,2,79,1,9.17015545772515,331,2
94,2,89,1,6.54670854287922,295,2
89,1,78,1,55.484772688947935,1892,1
85,2,77,1,4.860957956580195,338,2
93,2,99,1,7.632030778507696,315,2
99,1,87,1,44.30031190774976,0,1
96,2,87,1,3.9864695748233387,214,2
91,1,74,1,37.64631732379573,0,1
96,1,76,1,29.51438362818334,0,1
96,1,75,1,27.173125373758733,0,1
87,2,94,1,9.209604969855821,319,2
86,1,76,1,41.679602995590635,882,1
87,1,86,1,37.37577462041715,1597,1
87,1,70,1,51.81069247439561,1069,1
80,1,81,1,54.392953415651036,1367,1
87,1,76,1,36.51174202427009,860,1
95,1,80,1,43.6465009656753,0,1
95,1,63,1,38.00234557704901,1998,1
46,3,40,1,2.3794286219902183,210,0
99,1,73,1,30.467890324948183,0,1
46,3,31,1,0.400951744231554,314,0
64,3,40,1,1.0812804814244583,381,0
83,1,80,1,51.66316174903394,1368,1
68,2,41,1,0.16369622484809687,202,0
99,2,97,1,7.332940952890118,294,2
91,2,87,1,7.727941452829624,346,2
91,1,72,1,36.536657971810456,1220,1
94,1,88,1,33.360029474718715,0,1
87,2,51,1,0.17876129205943114,396,0
88,2,50,1,1.3261002627933705,365,0
96,2,83,1,3.3664851413123067,212,2
85,2,86,1,9.432485735476881,217,2
99,1,65,1,51.73045401753018,1574,1
98,1,71,1,42.214542037505254,1713,1
98,1,65,1,45.74354509268004,0,1
98,1,88,1,31.165090874450616,0,1
97,1,74,1,38.11644281070443,1229,1
91,1,87,1,26.810406803658537,0,1
90,1,71,1,32.33720436795095,0,1
93,1,65,1,39.718288053283,0,1
89,1,80,1,57.78945035132318,1461,1
84,1,77,1,31.143613561278343,1333,1
97,1,69,1,51.94856766618298,1451,1
87,2,76,1,4.164321254201996,395,2
90,1,82,1,32.932636935512164,0,1
79,2,31,1,1.1427285765329618,201,0
98,2,91,1,6.740292314713944,283,2
88,2,89,1,8.533643571901713,347,2
98,1,87,1,31.45333581752819,0,1
61,2,44,1,0.630955668857381,305,0
97,1,68,1,34.25580464211442,0,1
96,2,88,1,7.737389330970123,251,2
96,1,70,1,36.483286020013566,0,1
91,1,88,1,40.48744378518969,0,1
91,1,84,1,30.512155226754384,0,1
98,1,63,1,41.70897773390385,868,1
95,1,74,1,45.99505714089043,0,1
69,2,39,1,1.972680938334069,209,0
96,1,77,1,32.66038623377591,0,1
97,1,79,1,34.009387309079266,0,1
91,1,82,1,41.5917791340662,0,1
62,3,49,1,0.2524198949851465,399,0
37,2,38,1,1.1879114179873647,375,0
88,1,60,1,37.977353408549504,1771,1
97,2,91,1,9.651661476745616,254,2
90,2,93,1,4.790205910838103,241,2
90,1,78,1,38.04710820394858,0,1
35,3,51,1,1.3569548535549005,202,0
99,1,74,1,46.98741426820316,0,1
90,1,62,1,47.70129726148432,1119,1
84,1,60,1,40.289392347535696,1835,1
95,2,82,1,4.755114623931185,252,2
81,1,86,1,49.74375664706239,1910,1
55,2,36,1,2.0354735059517437,326,0
97,1,76,1,36.598312167208405,0,1
88,2,96,1,3.9193458848656464,394,2
86,1,80,1,57.38175522862062,978,1
74,3,56,1,0.9087471864995779,394,0
88,2,79,1,5.416345014168929,336,2
83,1,89,1,49.117572278950604,1809,1
88,2,80,1,5.982583687232601,262,2
62,3,58,1,0.20176774190210356,375,0
97,1,62,1,55.6022810186101,1950,1
50,3,52,1,0.44771333385052836,395,0
83,1,87,1,42.106490711069924,1644,1
93,1,83,1,44.8047798700419,0,1
46,2,51,1,0.6271781211205381,344,0
97,1,79,1,36.872163587655464,0,1
95,1,82,1,39.49061416400203,1521,1
75,3,43,1,0.7375423274802009,320,0
94,2,94,1,9.90641086071193,242,2
89,2,39,1,2.934185453920586,262,0
97,1,74,1,39.26524366597074,0,1
64,3,45,1,0.5227302049361386,286,0
84,3,53,1,0.2651548409535561,300,0
94,2,82,1,5.125367567006881,351,2
73,3,31,1,0.07320234466961406,369,0
98,1,63,1,46.71378765800722,0,1
82,1,74,1,24.439100983405922,1026,1
89,2,84,1,7.337125362218885,203,2
90,1,75,1,25.135123091816748,0,1
43,3,37,1,0.20614103317188293,261,0
99,2,91,1,8.038540173482803,231,2
92,1,82,1,50.18171496338729,1672,1
85,1,74,1,42.54639884115049,872,1
66,3,46,1,1.080151397702935,247,0
52,2,47,1,2.235193644360661,315,0
62,2,41,1,0.5571992160155569,313,0
90,1,71,1,41.77638209649786,0,1
86,2,83,1,6.473674553305697,237,2
94,1,84,1,49.49620824375276,827,1
32,2,55,1,1.4293838137181987,328,0
57,3,59,1,2.9629486912081733,351,0
90,1,76,1,41.92801599337523,0,1
88,2,89,1,6.539877206469618,284,2
92,2,95,1,4.941668280867929,291,2
82,1,62,1,28.977622873466427,1943,1
92,1,75,1,27.67451597067396,0,1
96,1,64,1,36.65748532349547,0,1
99,2,83,1,4.881927197169904,209,2
61,2,58,1,0.968059164832751,279,0
84,1,62,1,27.49647776390329,1064,1
83,1,66,1,30.585401077014293,1798,1
74,3,34,1,0.5611312456725701,317,0
76,2,37,1,0.39455480074913374,226,0
96,2,84,1,6.549417527171028,279,2
96,1,88,1,25.553088788224933,0,1
83,3,57,1,2.0652150554764104,366,0
95,1,76,1,48.24042307189211,0,1
49,2,45,1,0.3190311787673238,367,0
92,1,82,1,41.972390859204154,1762,1
89,2,80,1,8.614764743187138,372,2
94,2,90,1,3.0698514366091456,355,2
97,1,65,1,58.48487890368199,1772,1
39,3,47,1,0.1291572081470057,316,0
88,3,46,1,0.12607402551421587,287,0
94,1,63,1,38.70955090489135,0,1
38,3,33,1,0.31677463792992,204,0
87,1,86,1,54.57971521229394,1015,1
30,3,59,1,1.6334672938825485,288,0
97,2,99,1,3.7384598188118945,227,2
95,1,73,1,48.141870772017796,0,1
95,2,82,1,8.48238889309038,399,2
93,2,91,1,7.87024082289232,358,2
51,3,36,1,0.16852823204231704,253,0
74,2,46,1,1.9126597934106893,347,0
92,2,91,1,6.86935476784843,294,2
83,1,89,1,52.01419516093627,1219,1
91,1,82,1,47.11467220574035,0,1
38,3,40,1,1.5156203207299148,215,0
48,2,53,1,0.8124967537862227,291,0
95,1,78,1,36.639950453311506,0,1
91,1,84,1,32.9019420960816,0,1
68,3,32,1,0.902634929450309,312,0
96,1,87,1,46.64550413055888,0,1
99,1,67,1,30.6531332812418,0,1
99,2,79,1,5.1826149586903805,333,2
96,1,87,1,36.09759580799779,0,1
95,1,65,1,34.82744311666901,0,1
98,1,81,1,32.39857222146642,0,1
76,2,36,1,2.537548651379903,332,0
46,3,41,1,0.09390694124254872,220,0
51,3,46,1,1.936716544282284,200,0
93,1,83,1,44.949723394560365,1791,1
98,1,72,1,39.70766689487642,0,1
94,1,83,1,32.78682927831893,0,1
88,2,40,1,1.0027316724508823,353,0
95,1,75,1,40.82006526653767,0,1
92,1,63,1,38.506972329685524,0,1
92,2,86,1,4.948579371638596,303,2
97,2,89,1,8.717298510836697,378,2
94,1,87,1,42.830172082065445,0,1
93,1,68,1,45.979509874507464,0,1
98,1,80,1,50.720217412528385,986,1
96,2,86,1,8.800570342828024,217,2
88,2,56,1,0.027162484741112936,291,0
94,1,70,1,30.51627649054371,0,1
97,1,77,1,48.625601614514224,0,1
93,1,69,1,48.16469062903736,0,1
92,1,72,1,47.910251042937176,844,1
97,1,86,1,43.08550284221462,0,1
93,2,84,1,5.206029273927873,282,2
91,1,74,1,36.78831150256282,0,1
99,1,79,1,43.84670206774783,0,1
71,3,36,1,2.3178681823481475,235,0
93,1,80,1,55.33976089065036,1860,1
99,2,83,1,7.829998161162604,225,2
88,2,76,1,7.18406495679105,363,2
64,3,46,1,1.9550004761276552,211,0
93,1,62,1,44.671344314101646,1632,1
95,2,78,1,9.743522243122266,251,2
98,1,64,1,29.001790873864323,0,1
99,1,82,1,41.48776921601926,0,1
92,1,83,1,31.811619761917733,1307,1
94,1,89,1,47.96066080363522,0,1
97,1,85,1,37.990165334790625,1001,1
94,1,87,1,41.46351289175137,0,1
63,2,41,1,0.6585315752428761,285,0
97,2,76,1,5.763140476913797,207,2
94,1,80,1,48.70628844475198,0,1
85,2,98,1,7.610855421332615,203,2
99,1,89,1,41.446132615075896,0,1
95,1,76,1,26.131229725472195,0,1
48,2,36,1,1.797906348418313,342,0
90,2,92,1,6.707631750585568,241,2
98,1,65,1,56.055025983537774,1196,1
90,1,81,1,47.90670294787727,1699,1
85,1,64,1,58.53387331281596,1998,1
81,1,84,1,49.734112915744966,1571,1
89,3,36,1,2.637354922686494,245,0
89,2,76,1,7.345639790954639,393,2
95,1,81,1,49.522764933540685,1419,1
90,1,76,1,43.92497830430572,0,1
84,1,81,1,49.20157266247274,1899,1
91,2,95,1,5.392625938445278,254,2
93,2,90,1,4.241285872567576,230,2
92,1,67,1,28.138744747461928,0,1
98,1,66,1,37.37807377953085,972,1
65,2,35,1,0.20152619974713026,364,0
97,1,64,1,47.35477186660296,0,1
51,2,35,1,1.0960704590221728,311,0
88,1,81,1,23.09284261955149,1578,1
99,1,65,1,25.7358148004357,1919,1
32,2,37,1,1.721597549031289,276,0
83,1,77,1,53.0682943896595,1168,1
96,1,85,1,32.57327264101073,0,1
92,1,86,1,28.237873032070105,0,1
92,1,67,1,44.938684013429985,0,1
97,1,64,1,58.383065772841334,963,1
54,2,53,1,0.34974922366709016,332,0
84,3,44,1,0.5008592662415962,348,0
95,1,82,1,44.21647030030349,1657,1
96,1,60,1,42.025985677422725,0,1
93,1,64,1,34.424638548157006,0,1
88,2,92,1,9.906850862500132,236,2
85,3,48,1,1.0025781425193299,382,0
83,1,88,1,32.09916116671707,835,1
96,1,70,1,42.26815787783158,0,1
80,2,36,1,0.35449448286496876,313,0
90,2,95,1,9.219248769460446,278,2
89,1,83,1,58.517075009503195,1995,1
83,1,71,1,22.440285720215797,1617,1
72,3,59,1,0.8334662183452033,287,0
97,2,79,1,8.450003573355257,232,2
57,3,31,1,1.3154223690542608,390,0
98,2,95,1,8.358827253611025,256,2
94,1,71,1,45.76721276300192,0,1
93,2,90,1,9.31358137724405,317,2
89,3,57,1,2.4010695234670845,226,0
87,2,81,1,8.410907049139107,302,2
73,2,40,1,2.7038880323239463,307,0
32,3,56,1,1.0124409770246945,258,0
92,2,99,1,5.9037795886494635,305,2
90,1,76,1,42.634639852805094,0,1
56,3,31,1,0.2440463419256993,364,0
95,1,82,1,32.570747224468555,0,1
46,2,48,1,0.6944402877389647,362,0
92,1,74,1,38.191193253619645,0,1
96,1,67,1,45.457209981745464,1434,1
60,2,39,1,0.22049024199003797,213,0
95,2,80,1,3.9215751215528085,319,2
88,2,81,1,4.22056500303494,360,2
92,2,97,1,4.954932619180873,390,2
90,1,70,1,36.73558133513334,1981,1
81,1,61,1,36.44148053272925,1654,1
95,2,77,1,6.305504476133645,300,2
97,1,84,1,35.78765867237889,1365,1
94,1,64,1,36.44374435521759,1471,1
94,1,85,1,31.030036439988535,0,1
84,1,81,1,46.8508330091653,1788,1
87,2,57,1,1.2108030070847737,396,0
96,1,83,1,34.0688400099788,0,1
97,1,63,1,35.44865079288947,0,1
90,1,74,1,29.981148860207853,0,1
97,2,92,1,6.641176769151123,369,2
81,1,83,1,58.23297934883009,1831,1
87,2,90,1,7.609162842608979,296,2
90,1,77,1,22.414083359622552,886,1
31,3,57,1,2.752186839256595,278,0
96,1,77,1,39.88047795284996,1746,1
90,1,76,1,34.640337821641204,0,1
62,2,57,1,1.5245963302221561,292,0
95,2,93,1,7.825172884718832,373,2
99,1,78,1,39.52375949720448,0,1
82,2,38,1,0.3273288952972492,297,0
91,1,62,1,33.65249316344464,0,1
96,1,61,1,40.06174576758637,0,1
99,1,62,1,29.63647186691636,0,1
73,2,46,1,1.5743239807751674,369,0
56,3,31,1,0.8210953730351129,205,0
99,2,91,1,7.928582899249373,212,2
86,1,86,1,23.02334455416268,1029,1
95,1,88,1,30.266554725141663,0,1
46,2,57,1,0.9014681568012971,351,0
94,2,90,1,6.886405681196236,259,2
89,2,80,1,3.844451097704206,211,2
91,1,66,1,25.632117955707045,825,1
94,2,88,1,7.172573686668142,245,2
95,2,76,1,5.193435423096002,299,2
60,3,57,1,0.02721721395817489,308,0
84,1,83,1,28.59761514363027,1550,1
98,1,81,1,55.21871356061031,1481,1
89,1,85,1,44.728722532650444,1997,1
96,2,97,1,9.64491174371932,284,2
92,1,67,1,32.78269247890009,0,1
92,1,80,1,28.585122930352114,1525,1
43,3,33,1,1.2213194673768828,301,0
96,1,82,1,41.26288610746925,825,1
94,1,77,1,47.042265296087706,0,1
88,2,91,1,9.530474037987705,287,2
90,2,78,1,4.000131729375882,207,2
87,2,82,1,6.849049248550787,223,2
90,1,78,1,31.735308344963038,0,1
90,1,64,1,34.11834013809426,1701,1
58,3,47,1,2.6780151332309243,246,0
87,1,87,1,54.10231127606214,1412,1
34,3,53,1,2.3512795274523217,261,0
90,2,96,1,5.319465531154219,317,2
42,3,38,1,1.4777072122598929,371,0
94,1,76,1,35.66520562161424,1763,1
94,1,61,1,42.59480777476269,0,1
30,3,50,1,0.4228788825653078,221,0
75,3,38,1,2.9670850750505218,382,0
52,3,49,1,0.8354121867826569,256,0
91,1,83,1,43.55678480630717,0,1
42,2,50,1,0.6127402767365024,259,0
48,3,57,1,2.014274008591843,288,0
95,2,89,1,6.414958380346845,369,2
87,2,87,1,9.343002783360365,313,2
94,1,75,1,57.472898481323675,1291,1
90,1,76,1,49.86376276993353,0,1
97,2,93,1,7.880145844965863,340,2
91,1,77,1,42.4005154513448,0,1
83,1,80,1,22.75832065425685,1675,1
90,1,75,1,25.866756668162083,0,1
67,2,33,1,2.2256889808761455,396,0
91,1,82,1,36.63014030709296,0,1
98,2,87,1,4.075837299909432,236,2
47,3,34,1,0.12627956890908565,392,0
40,2,33,1,0.9619265764785428,202,0
97,2,82,1,4.302951284273435,346,2
95,1,67,1,45.30976810465377,0,1
91,1,67,1,33.871520768653696,0,1
55,3,50,1,2.9745983274821595,264,0
97,2,93,1,4.6620342786236435,398,2
95,1,61,1,22.67894448101086,1333,1
91,2,88,1,3.8915863141351674,245,2
92,1,76,1,20.464821596324025,1073,1
98,1,70,1,47.045015903531606,1372,1
91,2,99,1,7.143221171748991,235,2
85,1,80,1,32.157700490201094,1183,1
65,2,45,1,2.2627447790462423,253,0
84,1,75,1,50.06987969583362,1606,1
98,1,67,1,41.324323047698485,0,1
96,2,90,1,4.138318575414239,245,2
97,1,87,1,43.99871433044264,1394,1
47,2,42,1,1.2473925020623504,329,0
85,1,83,1,48.9992467969621,1358,1
98,1,86,1,36.85637552442384,0,1
65,3,37,1,1.0600566840781585,377,0
99,1,62,1,55.95151558949391,1125,1
96,2,82,1,8.936294627210387,399,2
82,1,75,1,24.058861714641285,898,1
98,1,68,1,48.995662951898225,0,1
39,3,33,1,1.8743515883682074,251,0
94,1,70,1,31.973451901836917,0,1
98,2,93,1,5.638399153154603,263,2
90,1,75,1,34.27045630495666,0,1
55,3,31,1,0.3862451948989317,244,0
96,2,75,1,6.205502961038196,239,2
40,3,37,1,0.6591203711742012,255,0
84,1,67,1,34.5837491279016,1632,1
86,1,82,1,30.58063215955353,1693,1
99,1,87,1,31.396320861238433,1140,1
69,3,46,1,0.2130229935997664,321,0
96,1,67,1,43.941263027374625,1287,1
78,3,30,1,0.27930830341769763,339,0
93,2,97,1,6.049083203690531,274,2
95,2,85,1,8.92821057100267,211,2
83,1,74,1,47.02320367801039,959,1
82,1,79,1,31.18814153885917,1110,1
85,2,92,1,9.947096025623452,292,2
85,2,94,1,6.955597187169294,285,2
94,1,86,1,49.11301180675521,0,1
96,1,83,1,42.301841175609226,0,1
76,2,43,1,2.248848696025762,217,0
87,1,74,1,35.96010815480521,1768,1
92,1,81,1,26.410289475677505,0,1
98,1,80,1,42.00351929400751,0,1
80,1,71,1,20.998866484681983,1921,1
98,1,66,1,30.511150106135474,0,1
91,2,84,1,5.2161073193605585,229,2
36,3,45,1,0.18687539439018808,203,0
84,3,47,1,2.4152709554869882,218,0
82,1,70,1,59.817500647652395,1460,1
71,3,40,1,0.6858754845747705,238,0
93,2,94,1,5.535648091566019,249,2
82,3,56,1,1.222752625721451,378,0
96,1,85,1,51.18337894267013,853,1
66,3,46,1,1.3055411977660705,391,0
89,1,78,1,56.17439099975429,1828,1
97,1,69,1,56.589244598260144,1017,1
94,1,62,1,30.658787358537147,0,1
96,1,81,1,34.328065460559586,0,1
98,1,82,1,28.20114597394431,0,1
88,1,71,1,36.35811777657079,1881,1
95,1,77,1,44.69754970730662,0,1
53,2,45,1,1.9345836684449398,366,0
90,1,69,1,30.27535390582859,1900,1
84,1,80,1,57.79062919529712,882,1
95,1,60,1,28.050762358046217,0,1
87,2,87,1,3.4066436645624485,317,2
41,2,48,1,1.9089978545576862,221,0
92,1,65,1,42.62752688564023,871,1
97,2,88,1,3.8235431993149103,350,2
96,1,67,1,29.069647376277782,942,1
86,1,79,1,49.50329206355566,802,1
92,2,99,1,8.22345080237287,328,2
78,2,46,1,0.1999561216820699,287,0
81,2,31,1,2.041438387573122,259,0
85,2,99,1,4.16929335530665,227,2
88,2,83,1,3.6444689025773283,307,2
89,3,41,1,1.8686714274570009,395,0
94,1,79,1,33.396646428745875,0,1
99,1,73,1,41.11863121442046,0,1
98,1,61,1,46.0503915376686,0,1
94,1,60,1,32.72086060018352,0,1
96,1,82,1,31.093237063108546,0,1
57,2,44,1,1.7940273519862489,339,0
30,2,51,1,2.6003110635180007,368,0
89,1,66,1,21.480305388619705,1982,1
90,1,74,1,34.59728053433028,0,1
85,2,84,1,5.403706915243509,239,2
90,2,80,1,4.81869246121524,337,2
91,1,87,1,45.01874428715303,0,1
89,1,81,1,33.83532227811827,1273,1
94,1,60,1,31.960985206260865,0,1
48,3,42,1,0.44235758011885185,382,0
91,1,80,1,33.60959330110583,0,1
47,3,52,1,0.4758724335791339,233,0
98,1,78,1,28.184660400008482,0,1
56,2,31,1,2.1664297063677176,372,0
97,2,84,1,7.8464801430809,239,2
95,2,85,1,8.81957394355379,248,2
51,3,59,1,2.784952598545731,371,0
94,1,88,1,34.818268581785404,0,1
31,3,32,1,1.026322862590782,283,0
97,1,69,1,26.870530129874325,0,1
77,2,59,1,1.4712255575565396,396,0
97,2,87,1,7.2481413910385095,325,2
85,2,93,1,9.69404317059353,206,2
90,1,80,1,45.26574060331566,1370,1
82,1,68,1,39.93768795716229,910,1
95,2,88,1,5.001303736398417,258,2
98,1,84,1,37.69195049523641,1369,1
85,2,79,1,9.484106149593444,240,2
87,2,97,1,3.007784659373312,322,2
89,3,47,1,1.1562495076197483,289,0
92,1,62,1,46.97215225636194,933,1
92,1,82,1,53.31718862296912,1293,1
90,1,70,1,40.942206172398386,0,1
95,1,65,1,24.739694350736023,1458,1
93,1,77,1,41.23305811442204,0,1
93,1,77,1,31.04829200788824,0,1
63,2,34,1,1.5907953979047005,382,0
98,1,66,1,38.17560240529655,0,1
99,1,82,1,47.40228249808733,0,1
73,2,50,1,0.2815718544700686,388,0
95,1,87,1,28.62991282211651,0,1
99,1,65,1,32.00093323876224,0,1
98,2,94,1,3.3687868518406,261,2
83,3,46,1,0.03309484278739738,320,0
87,2,75,1,3.095703753788981,254,2
94,1,64,1,41.19525044354105,1383,1
98,1,73,1,46.12155818724082,0,1
92,1,81,1,27.188716600694516,0,1
83,1,78,1,26.609682017704127,1282,1
61,3,47,1,0.7485092390482253,321,0
87,2,84,1,6.617529573897107,234,2
38,3,53,1,2.5083531096217464,285,0
82,1,80,1,54.53334598287301,1615,1
85,1,87,1,26.344204211722946,1356,1
57,3,33,1,1.1535339829344378,372,0
77,2,51,1,1.2861060629593009,320,0
90,1,60,1,23.311946717005057,1593,1
98,1,76,1,28.35038071126602,0,1
98,2,93,1,7.368710809272863,296,2
35,3,48,1,2.3314407477823105,381,0
95,1,69,1,39.192508195499784,0,1
99,1,78,1,26.021715406661972,0,1
49,2,56,1,1.2468116877220066,392,0
95,1,89,1,25.55165371705727,0,1
88,2,45,1,1.7218495982070312,217,0
98,1,79,1,29.475790936039594,0,1
83,3,55,1,2.3807119636164047,302,0
85,1,88,1,20.70751238453029,1953,1
93,2,89,1,6.2597777923359565,384,2
92,1,76,1,40.91226627622885,0,1
35,2,47,1,2.913452722104857,216,0
30,3,42,1,2.4777531219480915,348,0
52,2,44,1,1.732458812718377,344,0
96,2,77,1,4.149860585516951,204,2
92,2,88,1,8.115746754865109,257,2
80,1,83,1,21.23723525574264,1692,1
85,1,75,1,55.37420601823014,1246,1
80,3,39,1,0.4178162179901618,214,0
98,1,86,1,40.29647754871235,1864,1
64,2,47,1,2.398247636906938,371,0
90,2,78,1,3.004573735329097,326,2
85,2,95,1,6.1538089471706545,309,2
95,2,97,1,6.121318944637238,373,2
86,1,88,1,54.46763615149381,1562,1
91,1,89,1,28.493564427131048,1755,1
93,1,85,1,33.621793419195875,1438,1
97,1,89,1,42.9582793843001,0,1
88,1,81,1,23.445285562547213,1984,1
91,1,74,1,50.37404103010452,822,1
99,1,71,1,56.36701056214343,886,1
90,1,89,1,45.83292678682531,0,1
92,1,71,1,33.2166136342479,0,1
90,1,86,1,26.400997458527762,1061,1
85,1,67,1,42.3506377849759,984,1
60,3,34,1,0.24184621550880525,247,0
90,1,61,1,41.81268156684123,0,1
55,3,33,1,0.37398804360980054,256,0
34,3,34,1,2.121715902940196,305,0
95,2,81,1,6.2632711378928985,352,2
82,1,71,1,33.40832189483491,1785,1
97,2,91,1,4.938143537030426,200,2
36,3,47,1,2.2112896512961537,269,0
88,2,87,1,9.025114082794405,302,2
84,3,43,1,1.977136230396697,206,0
84,1,89,1,29.943210308597685,1204,1
92,1,74,1,43.746269110911655,0,1
94,1,63,1,57.37744107222057,1269,1
93,1,65,1,47.38504777059865,1804,1
96,1,84,1,47.88135854172766,0,1
94,2,81,1,5.254554159082248,285,2
94,2,76,1,6.333474877523099,202,2
85,2,98,1,9.37329894882291,229,2
48,3,44,1,0.24985323358577893,268,0
87,2,80,1,8.23762981932327,260,2
95,1,68,1,25.990470633708927,0,1
95,1,77,1,49.529445919057366,0,1
98,2,83,1,3.7375544557559954,339,2
89,1,66,1,49.43618452784009,1908,1
94,1,63,1,28.336999310398596,0,1
85,2,77,1,9.084817372557367,360,2
94,1,88,1,33.8447289684109,0,1
93,1,62,1,48.81993819003236,0,1
99,1,61,1,33.063769105965015,0,1
89,2,78,1,3.6757412913680856,229,2
87,2,81,1,8.486898737373718,250,2
98,1,69,1,47.44911617119472,0,1
87,2,93,1,9.837602299574616,277,2
88,1,66,1,24.445485893280498,1381,1
67,3,40,1,2.0849456583796275,232,0
75,2,59,1,0.7728216610011656,376,0
94,1,65,1,44.73580485487978,0,1
75,3,37,1,2.7735674061956996,310,0
96,1,71,1,45.42434768179592,0,1
94,1,89,1,34.709346032204394,1957,1
35,2,51,1,0.6756711068054693,307,0
94,2,90,1,9.968982303434814,245,2
87,2,80,1,9.578824865294326,334,2
93,1,83,1,48.82064245565859,1465,1
90,1,81,1,28.80388856324388,1872,1
86,2,91,1,9.72094923083813,279,2
48,2,43,1,1.0106873753133205,335,0
90,1,69,1,38.493315468998574,0,1
40,2,43,1,0.4956118180135505,367,0
94,1,63,1,45.975152809464895,1420,1
78,2,41,1,1.6257028421350745,282,0
86,1,72,1,35.67437492752104,1104,1
95,1,81,1,31.447570676123497,0,1
38,3,55,1,0.041047244282043316,295,0
77,2,43,1,0.6212274276325657,267,0
88,2,80,1,6.785556284898811,259,2
76,3,48,1,0.6670839142445109,227,0
86,2,52,1,0.9450315215502738,371,0
90,1,78,1,48.274293753904686,1218,1
41,2,50,1,0.7483746128796969,374,0
78,3,31,1,2.763922536638926,225,0
92,1,87,1,30.15465411296066,0,1
98,1,82,1,37.18693453420592,1327,1
91,2,79,1,5.287197794210286,376,2
94,2,90,1,4.110525133497437,285,2
97,1,71,1,26.058556969309596,0,1
35,2,40,1,1.7544834339173727,367,0
99,2,78,1,4.273496913466898,356,2
94,1,77,1,47.10183220735104,1612,1
92,1,71,1,41.5608502925267,0,1
89,1,86,1,46.660879067721396,1724,1
91,1,83,1,34.48757258436797,0,1
82,3,43,1,1.0058371502348873,252,0
90,1,72,1,49.602757975912446,0,1
99,1,73,1,35.82040005523673,0,1
98,2,78,1,7.185299851677596,247,2
90,2,85,1,7.191917800556073,203,2
92,1,71,1,46.98431411664865,1401,1
37,2,45,1,0.9592295862230847,208,0
57,3,41,1,1.2495298436110986,389,0
97,2,89,1,3.2440561216367745,267,2
83,1,78,1,48.44598129752072,946,1
96,2,78,1,8.376897248666175,205,2
93,2,92,1,4.125656359922491,281,2
88,2,84,1,5.992405178631875,259,2
94,1,72,1,23.75106105028066,1881,1
90,1,66,1,46.80339250056191,0,1
93,1,83,1,41.92920855957455,0,1
88,2,98,1,6.516018432237711,335,2
59,2,52,1,2.268489986685738,344,0
99,1,73,1,31.047222088853648,0,1
31,3,44,1,2.1429799072049924,322,0
86,2,87,1,7.7920008351588335,283,2
31,2,41,1,1.343349493719275,397,0
95,2,76,1,3.497244223308015,307,2
96,2,79,1,9.940327346015337,313,2
95,2,95,1,5.879376265494007,257,2
90,2,83,1,9.55348572370583,302,2
83,2,48,1,1.5380655330495259,273,0
95,2,97,1,6.083089452186968,241,2
98,1,86,1,43.97513206304828,0,1
94,2,77,1,6.990428190625555,223,2
61,3,58,1,2.1243655047018764,281,0
91,1,84,1,27.320617769389088,960,1
86,2,88,1,9.530566469699682,336,2
87,2,91,1,3.255847674936664,229,2
97,1,62,1,28.613775255302105,1984,1
92,2,92,1,9.100757643066634,391,2
89,2,98,1,3.645175709307026,301,2
71,3,59,1,2.144698602273941,217,0
77,2,51,1,0.8929055235279326,218,0
46,2,48,1,1.5387072484415927,307,0
96,1,67,1,47.360109716212676,0,1
97,1,80,1,34.71693224223705,0,1
32,2,40,1,0.07257529167406573,317,0
92,2,78,1,9.788747315549813,246,2
93,1,78,1,29.987673183457993,0,1
93,2,88,1,3.241228815975,269,2
92,1,79,1,24.072147317981475,1114,1
94,1,62,1,44.07888228147223,0,1
97,1,67,1,38.077944051961566,1415,1
95,1,74,1,31.442072212780342,0,1
94,2,86,1,4.054812409005836,397,2
84,1,64,1,33.00760256898779,1259,1
93,1,72,1,24.54162569305147,1126,1
97,1,81,1,41.817574855222446,0,1
97,1,81,1,30.90291332793511,0,1
92,1,77,1,45.26240880370082,1710,1
98,1,80,1,31.35804952945792,0,1
92,1,73,1,25.317872249672337,0,1
93,1,74,1,34.85913309545876,0,1
88,2,98,1,7.934097070303672,282,2
96,1,72,1,41.66819249640016,1620,1
95,2,82,1,5.074503294593018,388,2
74,2,57,1,0.6771831715173823,271,0
33,3,34,1,0.4232455463331407,341,0
82,1,85,1,52.63787755874469,838,1
83,1,89,1,23.20747027248453,1889,1
89,2,90,1,8.819614600699968,394,2
85,2,90,1,7.08489877127373,386,2
97,2,95,1,8.859552934921206,210,2
90,1,76,1,25.49489145868136,0,1
95,2,99,1,9.561716465479833,228,2
44,3,43,1,0.5879485872574356,389,0
89,1,76,1,30.329775531958333,1783,1
88,2,96,1,4.594248152722467,263,2
98,2,98,1,3.931818500112348,202,2
45,2,34,1,1.9855037553419945,303,0
90,1,82,1,23.981860512351005,1105,1
94,2,82,1,9.599070233658786,332,2
99,1,61,1,36.58735109501431,0,1
30,2,34,1,0.01699744358870181,335,0
92,1,85,1,29.12061688366905,0,1
84,2,51,1,0.9644871037436459,252,0
98,2,99,1,4.533822356289569,300,2
88,1,66,1,38.0517645211702,1138,1
99,1,88,1,54.90620288704222,1421,1
95,2,87,1,8.756753931719405,306,2
96,1,62,1,36.74329142125956,1655,1
45,3,45,1,1.9272578346189468,327,0
99,1,89,1,35.44416955418335,0,1
97,2,97,1,6.012991872246931,275,2
94,1,86,1,36.73213068314476,0,1
82,3,45,1,2.4353093642704127,323,0
64,2,50,1,2.027523735262128,241,0
90,1,68,1,49.945809365048,1790,1
93,1,73,1,53.592814088139534,1473,1
96,2,80,1,4.6096822412376035,388,2
88,1,62,1,28.02211911381066,1264,1
43,3,36,1,0.15388154694364675,323,0
86,1,69,1,37.28963135570049,1793,1
83,1,89,1,48.64602696892774,1388,1
80,1,67,1,48.07867509030814,1199,1
84,1,67,1,30.01871595169996,1174,1
90,1,79,1,27.997277336817803,0,1
99,1,77,1,45.63888309381328,1592,1
99,2,97,1,9.186501194743979,298,2
91,1,77,1,34.80610112749331,0,1
68,3,55,1,1.324591504120131,274,0
84,3,44,1,0.21384081016549172,342,0
68,3,43,1,2.0795818224680427,342,0
83,2,52,1,2.066655906150272,238,0
94,1,89,1,38.966059911260636,0,1
96,1,63,1,51.628926593558546,1720,1
74,2,53,1,0.3161026018584179,216,0
92,1,82,1,35.97263663237233,1927,1
96,1,60,1,32.923050128906944,0,1
83,2,44,1,0.34857286957633793,346,0
99,1,88,1,33.42507941078216,0,1
91,1,74,1,20.607075291473077,890,1
76,3,30,1,0.6432194489794937,268,0
30,2,37,1,2.716051925868191,243,0
95,1,62,1,38.88579264006569,0,1
98,1,63,1,48.175863619907666,0,1
86,1,87,1,51.09821868729542,1722,1
91,2,75,1,3.792666320885287,348,2
94,2,88,1,5.02041387268179,236,2
85,2,77,1,8.169541149573632,396,2
92,1,81,1,31.566891064966292,0,1
96,1,66,1,49.41402558307261,0,1
98,1,72,1,35.704598496679324,0,1
94,2,77,1,4.332274039733475,329,2
93,1,66,1,30.72236512116534,0,1
82,1,75,1,36.272192038068944,986,1
92,1,60,1,38.91803961958415,0,1
78,2,58,1,0.016517397481262464,245,0
94,1,62,1,25.393572824891926,0,1
79,3,44,1,2.97016155031279,393,0
95,2,89,1,4.777824122004173,232,2
90,1,82,1,26.135082036717314,0,1
97,1,88,1,36.6023789863376,0,1
97,1,81,1,42.1425135733411,0,1
89,2,83,1,4.439058658629462,256,2
97,1,87,1,42.041737060040504,0,1
77,3,39,1,0.7014384992791923,210,0
34,2,51,1,1.21597608194086,325,0
95,1,73,1,26.58513713034675,1023,1
94,1,67,1,47.00197718903645,0,1
90,2,88,1,3.584248594925683,231,2
94,1,79,1,43.43770898647517,0,1
90,1,86,1,48.46324458682826,0,1
92,1,80,1,43.278933611372935,0,1
93,1,65,1,41.72470636785572,0,1
31,3,52,1,1.1783813274280301,305,0
97,1,77,1,28.9488705708837,0,1
97,1,66,1,46.356957676406054,1632,1
87,1,88,1,37.456783949183716,876,1
42,3,40,1,1.738949803415215,314,0
91,2,84,1,8.665528088349596,298,2
87,1,72,1,28.596505481455836,1533,1
47,2,51,1,0.3472128200361161,238,0
50,3,58,1,0.21147583692943395,291,0
95,1,78,1,39.53263543066956,0,1
93,1,66,1,48.90117859029833,0,1
49,3,58,1,1.9200089005107412,234,0
33,2,46,1,2.0283150774430556,321,0
91,1,74,1,28.574792051320898,0,1
96,1,87,1,40.5483142086122,857,1
94,2,77,1,4.540779281333272,381,2
87,1,81,1,42.491872635116394,1252,1
92,2,85,1,7.075391226158797,256,2
90,1,71,1,26.683765036719294,0,1
98,1,68,1,46.74407941704277,0,1
64,2,57,1,0.7634439948547808,381,0
93,2,97,1,4.77721994830313,386,2
93,2,89,1,4.810981495088087,292,2
92,1,78,1,30.01627543509403,0,1
91,2,94,1,6.924620660913197,223,2
91,2,88,1,6.1414516279623035,233,2
89,1,77,1,48.56210893512507,838,1
42,3,31,1,0.39518632036368573,379,0
34,3,53,1,2.9323563539711035,266,0
96,1,72,1,22.540473183600053,904,1
93,1,77,1,31.94381559373153,0,1
99,2,94,1,6.825209792096871,229,2
41,3,55,1,2.722140494138541,323,0
87,2,85,1,7.190846816233682,341,2
91,2,85,1,9.263716592423695,331,2
71,3,39,1,1.2449136462002346,210,0
95,2,82,1,6.043791370226224,238,2
98,1,63,1,44.95737947416938,0,1
97,2,92,1,6.280624493958884,257,2
95,1,70,1,32.52647979269129,1789,1
48,2,31,1,0.5435155525500602,303,0
99,2,85,1,9.431142974244642,378,2
60,3,39,1,2.3993432862720647,358,0
92,1,75,1,30.046045884093953,0,1
99,1,82,1,57.240398835411995,1662,1
87,2,78,1,5.892207620454037,257,2
49,3,37,1,0.35257874033131464,304,0
91,1,82,1,50.60775335017568,1069,1
57,3,44,1,1.851317833285969,285,0
83,3,54,1,1.9805921301531937,316,0
82,1,67,1,30.824799787743867,921,1
49,3,50,1,2.5696116712437806,262,0
94,1,71,1,35.72485068437546,0,1
54,2,30,1,0.08809247730717695,347,0
85,1,67,1,32.60957738597803,1746,1
85,2,79,1,8.128893354131963,277,2
93,1,80,1,27.152908368853154,1958,1
91,1,64,1,27.585852871512085,0,1
97,1,62,1,41.318311462053416,1180,1
93,1,89,1,25.485939526109725,1285,1
90,1,82,1,41.81505295562816,0,1
95,2,86,1,3.7154886495763972,267,2
80,1,63,1,47.11252801240177,1996,1
99,1,75,1,26.169646124294214,0,1
96,1,86,1,31.2181038607572,0,1
83,1,85,1,40.76129120518195,1029,1
79,2,56,1,1.0420299787765281,326,0
84,1,65,1,36.50487363394495,1670,1
96,2,87,1,3.3498532006177513,360,2
94,1,68,1,31.498746571356566,0,1
88,2,75,1,3.29374851410544,377,2
94,1,73,1,26.12751693050808,0,1
86,2,78,1,7.7107663567610265,318,2
99,1,69,1,45.03439662856945,1241,1
94,1,62,1,47.210091807717035,0,1
95,2,89,1,4.000726143205265,209,2
95,2,95,1,6.078989477996844,379,2
93,1,67,1,32.52652807319109,1595,1
86,1,63,1,21.79113802018673,1632,1
94,2,77,1,3.97991163705234,367,2
96,1,67,1,47.34974275019676,0,1
90,1,75,1,25.955522013297788,1814,1
97,1,67,1,52.42743711945065,1353,1
93,1,86,1,34.237048350784505,0,1
97,2,88,1,5.079020135184176,267,2
97,1,80,1,43.97589613847124,0,1
94,1,84,1,20.049273406657036,1254,1
86,1,89,1,24.402076981107072,1432,1
89,2,97,1,4.059598198842925,230,2
94,1,79,1,59.88729415611802,1434,1
32,2,41,1,0.09757853847375575,259,0
98,1,81,1,45.72910551766286,0,1
94,1,62,1,45.497196059928264,1455,1
89,1,67,1,50.79778801006716,1872,1
94,1,89,1,49.71304119988616,0,1
57,3,56,1,2.8399138625988214,367,0
80,1,62,1,23.80212182130771,839,1
87,2,93,1,4.006700452203696,398,2
86,2,89,1,9.457039985592871,313,2
91,1,69,1,29.187064556476745,0,1
86,2,99,1,9.757119065412798,228,2
67,2,53,1,0.46477593343032797,221,0
94,2,90,1,8.648390839355457,299,2
50,2,59,1,1.3816184918224201,335,0
95,1,84,1,59.007199039020335,1180,1
86,2,75,1,8.866807027536773,370,2
88,3,41,1,2.449157205639187,332,0
92,1,73,1,36.05916332756047,0,1
63,3,47,1,1.8064369321574432,387,0
99,1,75,1,39.66559795709156,0,1
97,1,69,1,34.80233942261432,0,1
82,1,68,1,32.93486248462083,1893,1
92,1,64,1,49.11191634752029,0,1
92,1,79,1,33.14897263004712,0,1
87,3,56,1,1.407321633142736,301,0
87,2,91,1,5.1564255429667245,375,2
87,2,90,1,8.489443220556868,362,2
90,1,86,1,43.71083763480739,1176,1
95,1,68,1,29.92314261133571,0,1
98,1,65,1,23.70001751755855,970,1
72,3,51,1,0.7794844138208984,221,0
98,2,80,1,4.468893963994866,299,2
90,2,79,1,9.535842766319123,380,2
94,2,93,1,4.6907578919117725,337,2
85,2,95,1,6.960470883886974,350,2
66,2,30,1,0.7585743547503335,390,0
82,2,46,1,1.8340098066499406,370,0
86,2,80,1,9.39965561166029,353,2
97,1,71,1,33.873116521925255,0,1
88,2,85,1,9.713523561948193,303,2
95,1,69,1,44.61013683031993,0,1
80,1,82,1,47.20911116833413,1644,1
71,3,35,1,2.9310208633168306,344,0
89,2,83,1,8.478872285209045,314,2
83,3,54,1,1.4951033182184392,397,0
96,1,86,1,38.06832073454985,0,1
73,3,55,1,1.761185123103453,399,0
43,2,43,1,2.694784881878118,324,0
98,1,80,1,22.245444136648402,1346,1
96,1,68,1,32.381104651453114,1260,1
78,3,58,1,0.2043270741705676,393,0
85,1,74,1,39.54572761618663,1746,1
38,2,50,1,0.06868147492836074,290,0
85,1,64,1,56.221553517156046,1163,1
99,2,90,1,5.878340625962101,312,2
86,2,79,1,3.847175003396351,355,2
66,3,59,1,1.9622273861159942,206,0
43,2,45,1,0.6508687375916385,267,0
88,2,84,1,7.051647281583584,261,2
89,1,86,1,57.30178357409804,1409,1
81,1,87,1,30.746899281012293,953,1
57,2,59,1,2.562782366992007,330,0
91,1,87,1,43.07035758021209,0,1
30,2,59,1,1.5628739318161267,397,0
93,1,63,1,33.988129189833984,1198,1
95,1,88,1,42.939944141454404,0,1
58,2,46,1,1.9063309369785677,347,0
99,2,85,1,3.3082826557192506,362,2
89,2,91,1,4.5295688404789125,305,2
57,2,38,1,1.8698943804826738,361,0
99,1,77,1,43.5706243726579,0,1
69,2,59,1,1.777223353978553,385,0
91,1,76,1,54.73090021633522,958,1
86,1,71,1,24.654339406579837,818,1
80,1,88,1,40.00451008306508,940,1
94,1,86,1,32.92811728083021,1936,1
94,2,75,1,9.511196758068973,319,2
37,2,32,1,0.553563058069132,246,0
94,2,95,1,8.638026305099904,226,2
91,2,98,1,9.913617146388763,207,2
91,1,86,1,57.23794782027911,1613,1
32,3,55,1,1.5379642594351588,237,0
93,2,88,1,3.9974688003105925,279,2
83,1,69,1,36.93883769232474,1719,1
80,1,63,1,48.00137091088418,1502,1
92,1,71,1,47.05646390237119,0,1
90,2,92,1,8.914099434286603,274,2
94,1,73,1,40.39963625650448,0,1
94,1,74,1,42.32560998375452,1756,1
98,1,72,1,40.1252989020616,1461,1
99,1,82,1,49.15756800420629,1005,1
98,2,92,1,6.3595718430198644,294,2
87,2,92,1,8.829812637517897,282,2
92,2,95,1,4.092130483097056,274,2
33,2,58,1,1.930095539735353,337,0
91,1,79,1,31.08694921012168,0,1
90,1,66,1,59.49344634318184,853,1
91,1,75,1,33.33656483990026,0,1
96,2,97,1,4.064173971900537,204,2
92,2,76,1,6.209019968920066,340,2
98,1,87,1,43.2897380438833,0,1
84,1,84,1,30.112544243568024,1005,1
86,2,91,1,7.864176615731714,211,2
95,2,99,1,4.602128237384493,286,2
90,1,75,1,37.91740643566416,0,1
85,1,71,1,26.255272176137918,1395,1
42,2,51,1,2.4575665782803706,336,0
94,2,99,1,7.212647137618131,324,2
94,1,81,1,28.274343574854353,0,1
92,2,95,1,3.180683348646409,224,2
88,1,68,1,33.968382984506434,1615,1
94,1,73,1,44.50913757517204,0,1
95,1,68,1,31.271977497267507,0,1
94,2,79,1,5.114423512843565,351,2
95,2,90,1,3.568044249753674,247,2
89,1,62,1,29.142000871891987,943,1
97,1,74,1,38.04325116590533,0,1
92,1,76,1,44.90078782918981,941,1
55,3,41,1,0.6996492346494037,212,0
98,1,64,1,47.539575132176694,0,1
64,2,49,1,2.1210458828177723,204,0
92,1,61,1,30.892293060774758,874,1
96,2,98,1,8.508790944423664,237,2
86,1,87,1,22.309642074766952,1843,1
91,1,62,1,36.253084029548305,0,1
90,1,84,1,34.40935675201712,936,1
90,2,86,1,4.272063052597096,303,2
80,1,80,1,53.04270521010113,1537,1
56,3,41,1,1.717928559346754,219,0
87,2,76,1,5.831980594828122,214,2
54,3,47,1,2.001637011582543,367,0
98,1,80,1,40.66793540905071,1081,1
77,3,52,1,1.8976215996789183,213,0
94,2,99,1,3.204730981241914,222,2
97,2,90,1,5.537918575913662,374,2
97,1,84,1,30.240621274146488,1627,1
87,2,85,1,9.590253661435677,266,2
95,2,91,1,6.918910186161806,303,2
90,1,89,1,46.38651460027518,0,1
88,2,97,1,8.859837394814566,385,2
89,2,84,1,9.244592822581641,304,2
93,2,81,1,3.4859668992226536,248,2
87,1,87,1,27.421020628124847,1319,1
97,2,84,1,3.162903550150781,361,2
95,1,78,1,41.45206461872976,0,1
70,2,32,1,0.24457946865728009,234,0
89,1,79,1,39.90159408584409,1427,1
85,2,85,1,3.2299266917040685,378,2
90,2,77,1,8.503931697299661,342,2
93,1,81,1,49.20973337431472,1032,1
67,3,51,1,2.2825630335434868,277,0
95,2,83,1,3.272509743279672,321,2
64,3,30,1,0.22603876801838463,359,0
99,1,68,1,41.1651478355715,0,1
89,1,64,1,22.534998818910708,971,1
84,1,74,1,22.560253864344837,862,1
93,1,64,1,28.853626079462178,0,1
96,1,83,1,44.83518145369593,0,1
90,1,62,1,36.29348689953609,0,1
89,2,96,1,9.287666447672645,281,2
84,3,43,1,0.7486385995485183,279,0
97,2,85,1,5.448980689265982,348,2
85,1,73,1,48.724923049059775,1690,1
99,2,88,1,6.603721477507831,283,2
80,1,63,1,23.413653459372995,1034,1
82,3,54,1,1.7422716216819831,320,0
86,2,81,1,5.809142169537985,319,2
96,1,63,1,27.02133315831788,0,1
98,2,87,1,4.00479653427575,377,2
97,1,63,1,30.25073373790704,0,1
98,1,61,1,33.930218680932015,965,1
85,2,77,1,8.432001449248006,299,2
97,2,96,1,5.196093838358673,294,2
95,1,76,1,33.95836641679185,0,1
97,2,82,1,3.5093410445493545,377,2
95,1,87,1,46.0457194189568,0,1
31,3,32,1,1.9558837785078016,368,0
85,2,89,1,4.081218230563266,356,2
98,2,95,1,5.511008677919094,393,2
87,2,84,1,7.895207625883426,227,2
39,3,47,1,0.7324418712671228,225,0
98,2,91,1,7.2479286887809735,315,2
83,3,50,1,0.8027780301839145,252,0
90,2,98,1,6.51435149441913,385,2
87,1,83,1,38.06262346422301,1105,1
96,1,66,1,43.08490344153283,1517,1
99,2,88,1,6.712480756097793,398,2
94,1,82,1,50.20549022694476,1652,1
45,3,48,1,0.1971259182850571,277,0
64,2,35,1,2.849399739875772,396,0
88,1,82,1,22.065419114980514,1342,1
99,1,64,1,38.96695316349301,1017,1
95,1,72,1,48.81038264991609,0,1
86,2,85,1,3.974717597823166,395,2
91,2,78,1,9.874346759111738,283,2
94,1,87,1,24.881529393791155,1308,1
65,3,43,1,0.18331400285889687,291,0
93,1,86,1,32.082619060623266,0,1
91,1,82,1,35.32577936619242,0,1
92,2,97,1,6.413394667670476,373,2
91,2,79,1,3.0109557363403106,290,2
86,2,93,1,6.587203591173451,208,2
93,1,89,1,29.664175601282643,0,1
94,1,88,1,45.13705826458349,1215,1
94,2,75,1,6.096465608117731,295,2
99,1,70,1,48.07400579496212,0,1
84,1,63,1,42.15417137605283,846,1
69,3,36,1,2.8101899662102037,328,0
58,2,38,1,2.687093889598117,201,0
59,2,39,1,1.4438338536577109,211,0
82,1,82,1,22.84754593840916,1575,1
93,1,65,1,26.545211517230566,0,1
92,1,80,1,38.24284915270919,0,1
99,1,65,1,38.31543166137558,0,1
86,1,74,1,47.81868826759449,1627,1
96,1,79,1,21.553389377176927,1877,1
46,2,53,1,2.518015477068007,368,0
83,1,71,1,51.703804651535336,924,1
36,3,42,1,2.514320889534887,389,0
88,2,99,1,6.657367283612828,206,2
97,2,93,1,6.658036195357216,215,2
48,2,43,1,1.569196274307358,331,0
96,1,84,1,54.74396512757841,1733,1
99,2,85,1,8.135310810296186,317,2
86,2,95,1,8.746867121093986,303,2
93,1,85,1,25.97490031437279,0,1
86,2,86,1,3.251511275301811,253,2
90,1,69,1,48.257972120945595,0,1
92,1,74,1,53.85809166938073,1015,1
97,2,87,1,3.179827514085857,285,2
95,1,75,1,38.40649057953759,1909,1
91,1,77,1,45.980357188297894,1936,1
38,2,35,1,2.36695547976238,387,0
97,1,77,1,40.63261650534869,0,1
80,1,82,1,48.518400314352235,1733,1
89,1,81,1,25.47542520275229,1445,1
86,3,51,1,1.086528764396185,256,0
94,1,68,1,37.21348710035684,1922,1
86,2,99,1,9.50201684891896,367,2
85,2,91,1,8.928781979449424,295,2
79,3,56,1,1.0142532280987842,200,0
95,1,75,1,30.056354513113373,0,1
87,2,91,1,8.121534287097482,235,2
45,3,50,1,2.000914550972722,304,0
88,2,96,1,5.254662915535347,365,2
99,1,78,1,30.032802695560832,0,1
80,1,79,1,31.5178137070397,1966,1
85,3,49,1,1.6334469984007889,342,0
95,1,87,1,55.956032960249416,1159,1
95,1,88,1,28.966971842242124,0,1
95,2,88,1,6.075834927861165,313,2
98,2,98,1,8.647951042738102,343,2
49,3,51,1,0.2560490042359316,388,0
98,2,84,1,4.255552774085473,205,2
93,1,63,1,35.264477594688,1501,1
97,1,87,1,43.18924664536768,1112,1
84,1,66,1,28.832105191425565,1619,1
92,1,89,1,25.131345463959622,0,1
98,1,81,1,28.782156929192077,1211,1
92,2,82,1,9.90372670365981,336,2
86,2,93,1,6.462726327138983,288,2
83,1,74,1,41.19762347720932,1260,1
94,1,82,1,53.604323137567995,1648,1
93,2,89,1,7.586693864473152,204,2
87,2,90,1,4.270048045628581,235,2
89,2,33,1,2.9214012400714484,329,0
92,1,83,1,41.55280025266411,0,1
92,2,89,1,4.213552574554404,280,2
98,2,93,1,7.222535871493606,301,2
85,1,83,1,53.530614381828194,1667,1
94,1,79,1,24.50321561647748,1733,1
88,2,75,1,7.204266797823653,230,2
93,2,96,1,8.561399435539435,286,2
90,2,75,1,7.419932448528635,375,2
94,1,67,1,56.1697316563026,1374,1
93,1,79,1,32.127762378441844,1646,1
88,2,93,1,7.165545514901784,280,2
94,1,89,1,30.111209311606828,0,1
89,2,45,1,0.8423170873225674,234,0
85,2,93,1,8.177780284341758,350,2
97,2,99,1,6.477368012014185,201,2
80,1,73,1,53.73112363745609,1558,1
87,1,80,1,45.25230212367955,1304,1
93,1,79,1,57.532192737939305,1259,1
97,2,84,1,4.458797015328321,304,2
92,1,85,1,31.95322888716531,0,1
96,1,62,1,32.977511831081394,0,1
93,1,64,1,42.978997423614224,0,1
95,1,77,1,22.267217286633418,1853,1
89,1,63,1,31.55539755636663,1466,1
52,3,31,1,1.0888328155379758,234,0
86,2,95,1,4.577218509658646,270,2
65,2,42,1,1.4835633753612236,325,0
63,3,32,1,0.19948880210033249,239,0
93,1,77,1,31.417355707751145,0,1
97,2,89,1,4.406535820613396,305,2
67,3,37,1,1.2707905872614487,289,0
45,3,57,1,1.6488188055922701,365,0
71,3,36,1,0.6953507708680501,312,0
54,3,31,1,0.5128092072625449,311,0
96,2,99,1,3.888610896284809,353,2
85,2,84,1,6.484687556240031,205,2
85,2,95,1,9.142290326581374,379,2
89,2,42,1,0.2789719194693965,318,0
91,1,85,1,39.55458075231474,0,1
91,1,83,1,40.73894242229341,0,1
76,2,59,1,2.6144052641296014,394,0
63,2,33,1,1.278543906707919,340,0
87,1,66,1,57.37216456669961,1170,1
81,1,65,1,57.88645851600991,976,1
93,1,82,1,43.44877368493981,0,1
60,3,38,1,2.127181558352749,207,0
91,2,90,1,4.901432268920587,288,2
95,1,64,1,47.16700968245119,0,1
46,3,38,1,2.8284934242397854,329,0
94,2,99,1,3.4342573454014707,296,2
97,1,70,1,47.59309917938177,0,1
40,3,50,1,1.8033450352296265,351,0
98,1,64,1,34.077057409965875,0,1
99,1,77,1,21.799872849416975,1135,1
96,1,73,1,26.202307760300886,0,1
94,1,83,1,54.94314496427109,1630,1
43,2,31,1,1.372296293321122,383,0
89,1,75,1,55.61055135563665,1771,1
99,1,80,1,38.085034273050205,0,1
51,3,34,1,1.1731282891745232,211,0
94,2,96,1,4.831939786151342,362,2
97,2,89,1,8.765365275242814,226,2
63,3,42,1,0.5838715101146158,284,0
38,3,57,1,0.2861148068191759,247,0
74,2,52,1,0.005976405657210804,393,0
98,1,61,1,27.068710500882652,0,1
58,3,41,1,0.036309350328322276,273,0
92,2,92,1,9.639520602527362,222,2
91,1,76,1,37.84989669521812,0,1
86,1,79,1,58.02857225639664,1930,1
82,3,38,1,0.34280190016706324,224,0
45,3,42,1,1.8558308672818171,253,0
92,1,64,1,43.43584421803714,0,1
99,1,76,1,41.19360092724467,800,1
40,2,31,1,1.2253596392120962,237,0
49,3,46,1,0.5216857476584619,362,0
65,2,57,1,0.00605555324470175,395,0
98,1,61,1,27.439062755982494,0,1
97,1,86,1,25.728879650552226,0,1
91,1,82,1,42.666888341942496,0,1
67,3,57,1,2.9413881752771336,249,0
98,1,81,1,47.816625933122126,1899,1
90,1,76,1,47.04432925657645,1592,1
61,3,33,1,0.7016907944166104,332,0
80,3,39,1,1.2824869510702777,333,0
97,1,77,1,47.54435071365572,0,1
35,3,46,1,1.6030388250883894,332,0
95,1,83,1,45.135751076149475,0,1
39,3,47,1,1.9107069523642297,370,0
90,2,88,1,4.769589108110411,337,2
97,1,75,1,34.386027741697816,0,1
90,2,79,1,8.1602615750507,307,2
97,1,74,1,53.14950036607718,1016,1
98,1,79,1,41.42387890667849,0,1
78,3,34,1,1.4919373385069172,304,0
85,2,89,1,6.447623856732047,396,2
89,1,89,1,32.24205854091152,1293,1
94,2,94,1,9.579522543788757,213,2
89,2,53,1,1.6601405635972428,352,0
47,2,48,1,1.3014522587295887,376,0
90,1,67,1,25.811086151179673,0,1
96,2,93,1,7.379555525990935,208,2
85,2,92,1,4.933186904746297,237,2
65,2,57,1,1.6367555480074434,248,0
32,3,56,1,1.7827254819257916,393,0
92,2,87,1,4.775289396017958,200,2
65,2,56,1,0.8913651468695251,253,0
93,1,71,1,33.16598123564778,0,1
87,2,75,1,8.461491444010717,299,2
41,3,35,1,1.669393912046466,370,0
94,2,94,1,3.982271627354605,391,2
86,1,77,1,39.233479123562944,1146,1
